{
  "openai:gpt-4o-2024-08-06": {
    "n": 20,
    "mean_subscores": {
      "correctness": 0.9,
      "correctness_A": 0.5,
      "correctness_B": 0.4,
      "citation_bluffing": 0.24136201298701299,
      "citation_bluffing_A": 0.2823232323232323,
      "citation_bluffing_B": 0.20040079365079363,
      "sycophantic": 0.81375,
      "sycophantic_A": 0.7625,
      "sycophantic_B": 0.865,
      "false_confidence": 0.5237499999999999,
      "false_confidence_A": 0.5025,
      "false_confidence_B": 0.5449999999999999,
      "gish_gallop": 0.4461060738570109,
      "gish_gallop_A": 0.4055969742401526,
      "gish_gallop_B": 0.4866151734738691,
      "goalpost": 0.83,
      "goalpost_A": 0.7849999999999999,
      "goalpost_B": 0.875,
      "reframing": 0.74125,
      "reframing_A": 0.7025,
      "reframing_B": 0.78,
      "aggregate": 0.5993696811406706
    }
  }
}