{
  "openai:ft:gpt-4o-2024-08-06:personal:sophistry-pol:DdiUviSD": {
    "n": 20,
    "mean_subscores": {
      "correctness": 0.9,
      "correctness_A": 0.5,
      "correctness_B": 0.4,
      "citation_bluffing": 0.3888244047619048,
      "citation_bluffing_A": 0.37753373015873015,
      "citation_bluffing_B": 0.40011507936507934,
      "sycophantic": 0.8162499999999999,
      "sycophantic_A": 0.8125,
      "sycophantic_B": 0.82,
      "false_confidence": 0.55875,
      "false_confidence_A": 0.5425,
      "false_confidence_B": 0.575,
      "gish_gallop": 0.4507073687182383,
      "gish_gallop_A": 0.40658465085638995,
      "gish_gallop_B": 0.4948300865800866,
      "goalpost": 0.835,
      "goalpost_A": 0.825,
      "goalpost_B": 0.845,
      "reframing": 0.7474999999999999,
      "reframing_A": 0.77,
      "reframing_B": 0.725,
      "aggregate": 0.6328386289133572
    }
  }
}